hidden_layer_sizes,alpha,learning_rate_init,in_sample_mse,in_sample_logloss,out_sample_mse,out_sample_logloss,ate_error
"(10,)",0.0001,0.01,0.2921376498685326,0.6630109673620931,0.2865449776889949,0.672815547711852,17.087253421028574
"(10,)",0.0001,0.1,0.28497132448037893,0.6700460838994082,0.28679050093221703,0.6749796842415092,16.294447184834983
"(10,)",0.001,0.01,0.2984051294983432,0.6591720048620264,0.28627672663268655,0.6750925350331688,16.871068080316658
"(10,)",0.001,0.1,0.29264220619574083,0.6680418368969682,0.2846844430146474,0.6763830333760315,16.10722987609078
"(10, 5)",0.0001,0.01,0.3011872845790589,0.6552835794538889,0.2925918243368522,0.6808045026664489,16.767641218684865
"(10, 5)",0.0001,0.1,0.28895146451722536,0.6666404279796403,0.2814675103785037,0.6813033075367476,17.055350604274796
"(10, 5)",0.001,0.01,0.299860653121675,0.6560164870359789,0.29224110711640866,0.6793305069773957,16.51748371524279
"(10, 5)",0.001,0.1,0.28448169244303534,0.6682223894824519,0.28032868913262765,0.6826177159246507,16.78712189455959
