learning_rate,alpha,eta0,in_sample_mse,in_sample_logloss,out_sample_mse,out_sample_logloss,ate_error
constant,0.0001,0.01,0.2880807681711718,0.6725704662394685,0.28366914609602506,0.6760245011238764,16.573159542430126
constant,0.0001,0.1,0.31137999017558726,0.7311758096924141,0.30640355670628916,0.7538020016779987,16.4067568855034
constant,0.001,0.01,0.2857938952459085,0.6729319112181971,0.2834796173173172,0.6780557280086861,16.52887495996938
constant,0.001,0.1,0.30443853645948216,0.750058336080261,0.3106022729578572,0.7266472859081523,16.35836533310565
adaptive,0.0001,0.01,0.28302462592143995,0.6705846471438137,0.2843193811210023,0.6686475234794702,16.370784198692437
adaptive,0.0001,0.1,0.28241159274686145,0.6710188526509431,0.2821427439860041,0.6760689913736422,16.16435496329118
adaptive,0.001,0.01,0.2854726985428537,0.6685361425969125,0.27979351527224267,0.6765977728769516,16.470715336003344
adaptive,0.001,0.1,0.2858148294565116,0.6683233489462339,0.28527209102086953,0.6701283082155954,16.498701205626556
