learning_rate,l2_reg,epochs,in_sample_mse,in_sample_logloss,out_sample_mse,out_sample_logloss,ate_error
0.01,0.0001,50,0.3043045,0.7277279,0.305684,0.7285596,2.475286357101288
0.01,0.001,50,0.303972,0.7292664,0.3020143,0.72453,2.6135192290576783
0.1,0.0001,50,0.3072016,0.73368347,0.30925485,0.745277,3.6584561337552657
0.1,0.001,50,0.3052345,0.7262925,0.3096698,0.7460443,3.0026148302967215
